feature1,feature2,correlation
ft_theta_pli_mean,ft_theta_connectivity_strength,1.0000000000000002
ft_theta_pli_mean,ft_theta_network_density,0.9505451367012623
ft_theta_pli_std,ft_theta_pli_max,0.959431457959802
ft_theta_connectivity_strength,ft_theta_network_density,0.9505451367012627
delta_pli_mean,delta_connectivity_strength,1.0000000000000004
theta_pli_mean,theta_connectivity_strength,1.0
alpha_pli_mean,alpha_connectivity_strength,0.9999999999999999
beta_pli_mean,beta_connectivity_strength,1.0000000000000002
gamma_pli_mean,gamma_connectivity_strength,1.0
whole_brain_pli_mean,whole_brain_pli_std,0.9598763834088371
whole_brain_pli_mean,whole_brain_connectivity_strength,1.0000000000000002
whole_brain_pli_std,whole_brain_connectivity_strength,0.9598763834088373
delta_power_mean,delta_power_std,0.9590795660550384
delta_power_mean,theta_power_mean,0.9539154648500122
theta_power_mean,alpha_power_mean,0.9801359961049863
theta_power_std,alpha_power_std,0.9666007411865587
alpha_power_mean,beta_power_std,0.9576850297866135
beta_power_mean,gamma_power_mean,0.9728534821454362
beta_power_std,gamma_power_std,0.9531175615679448
